EmployeeID	LastName	FirstName	Sex	BirthDate	Photo	Notes	Salary
1	Davolio	Nancy	Female	08/12/1968	EmpID1.pic	Education includes a BA in psychology from Colorado State University. She also completed (The Art of the Cold Call). Nancy is a member of 'Toastmasters International'.	1000
2	Fuller	Andrew	Male	19/02/1952	EmpID2.pic	Andrew received his BTS commercial and a Ph.D. in international marketing from the University of Dallas. He is fluent in French and Italian and reads German. He joined the company as a sales representative, was promoted to sales manager and was then named vice president of sales. Andrew is a member of the Sales Management Roundtable, the Seattle Chamber of Commerce, and the Pacific Rim Importers Association.	2500
3	Leverling	Janet	Female	30/08/1963	EmpID3.pic	Janet has a BS degree in chemistry from Boston College). She has also completed a certificate program in food retailing management. Janet was hired as a sales associate and was promoted to sales representative.	2500
4	Peacock	Margaret	Female	19/09/1958	EmpID4.pic	Margaret holds a BA in English literature from Concordia College and an MA from the American Institute of Culinary Arts. She was temporarily assigned to the London office before returning to her permanent post in Seattle.	1500
5	Buchanan	Steven	Male	04/03/1955	EmpID5.pic	Steven Buchanan graduated from St. Andrews University, Scotland, with a BSC degree. Upon joining the company as a sales representative, he spent 6 months in an orientation program at the Seattle office and then returned to his permanent post in London, where he was promoted to sales manager. Mr. Buchanan has completed the courses 'Successful Telemarketing' and 'International Sales Management'. He is fluent in French.	3500
6	Suyama	Michael	Male	02/07/1963	EmpID6.pic	Michael is a graduate of Sussex University (MA, economics) and the University of California at Los Angeles (MBA, marketing). He has also taken the courses 'Multi-Cultural Selling' and 'Time Management for the Sales Professional'. He is fluent in Japanese and can read and write French, Portuguese, and Spanish.	1250
7	King	Robert	Male	29/05/1960	EmpID7.pic	Robert King served in the Peace Corps and traveled extensively before completing his degree in English at the University of Michigan and then joining the company. After completing a course entitled 'Selling in Europe', he was transferred to the London office.	2000
8	Callahan	Laura	Female	09/01/1958	EmpID8.pic	Laura received a BA in psychology from the University of Washington. She has also completed a course in business French. She reads and writes French.	4500
9	Dodsworth	Anne	Female	02/07/1969	EmpID9.pic	Anne has a BA degree in English from St. Lawrence College. She is fluent in French and German.	3500
10	West	Adam	Male	19/09/1928	EmpID10.pic	An old chum.	1500